[null,{"name":"Help","permissions":"NONE","restriction":"1","actions":[{"channel":"0","varName":"","message":"```\n!Help                      de lijst voor alle commands\n!Kick [@user] [reason]     Kick Mensen\n!Ban [@user] [reason]      Ban mensen\n!Mute [@user]              Mute iemand zo dat die niet kan praten\n!Unmute [@user]            unmute dat iemand weer kan praten\n\n```","storage":"0","varName2":"","name":"Send Message"}]},{"name":"Kick","permissions":"KICK_MEMBERS","restriction":"1","actions":[{"condition":"1","comparison":"0","value":"1","iftrue":"3","iftrueVal":"2","iffalse":"0","iffalseVal":"","name":"Check Parameters"},{"channel":"0","varName":"","message":"```\nPlease mention one user in order to kick them!\n!Kick [@user] [reason]\n```","storage":"0","varName2":"","name":"Send Message"},{"name":"End Action Sequence"},{"info":"1","infoIndex":"2","storage":"1","varName":"reason","name":"Store Command Params"},{"member":"0","varName":"","reason":"${tempVars(\"reason\") || \"\"}","name":"Kick Member"}]},{"name":"Ban","permissions":"BAN_MEMBERS","restriction":"1","actions":[{"condition":"1","comparison":"0","value":"1","iftrue":"3","iftrueVal":"2","iffalse":"0","iffalseVal":"","name":"Check Parameters"},{"channel":"0","varName":"","message":"```\nPlease mention one user in order to ban them!\n!Ban [@user] [reason]\n```","storage":"0","varName2":"","name":"Send Message"},{"name":"End Action Sequence"},{"info":"1","infoIndex":"2","storage":"1","varName":"reason","name":"Store Command Params"},{"member":"0","varName":"","reason":"${tempVars(\"reason\") || \"\"}","name":"Ban Member"}]},{"name":"Mute","permissions":"MUTE_MEMBERS","restriction":"1","actions":[{"condition":"1","comparison":"0","value":"1","iftrue":"3","iftrueVal":"2","iffalse":"0","iffalseVal":"","name":"Check Parameters"},{"channel":"0","varName":"","message":"```\nPlease mention one user in order to mute them!\n!Mute [@user]\n```","storage":"0","varName2":"","name":"Send Message"},{"name":"End Action Sequence"},{"member":"0","varName":"","mute":"0","name":"Set Member Mute"}]},{"name":"Unmute","permissions":"MUTE_MEMBERS","restriction":"1","actions":[{"condition":"1","comparison":"0","value":"1","iftrue":"3","iftrueVal":"2","iffalse":"0","iffalseVal":"","name":"Check Parameters"},{"channel":"0","varName":"","message":"```\nPlease mention one user in order to unmute them!\n!Unmute [@user]\n```","storage":"0","varName2":"","name":"Send Message"},{"name":"End Action Sequence"},{"member":"0","varName":"","mute":"1","name":"Set Member Mute"}]}]